instance_name,strategy,distance,time_seconds
cities_001.csv,nn,432.022710,0.000022
cities_001.csv,nn_2opt,374.933579,0.000118
cities_001.csv,nn_anneal,322.587625,0.005270
cities_001.csv,greedy_2opt,322.587625,0.000134
cities_001.csv,greedy_anneal,322.587625,0.013969
cities_001.csv,random_ga,322.587625,0.085013
cities_002.csv,nn,434.776238,0.000018
cities_002.csv,nn_2opt,434.776238,0.000044
cities_002.csv,nn_anneal,413.106703,0.005264
cities_002.csv,greedy_2opt,434.776238,0.000056
cities_002.csv,greedy_anneal,413.106703,0.005427
cities_002.csv,random_ga,413.106703,0.083613
cities_003.csv,nn,318.718175,0.000018
cities_003.csv,nn_2opt,318.718175,0.000053
cities_003.csv,nn_anneal,318.718175,0.005446
cities_003.csv,greedy_2opt,342.321393,0.000073
cities_003.csv,greedy_anneal,318.718175,0.005383
cities_003.csv,random_ga,318.718175,0.085643
cities_004.csv,nn,979.534785,0.000084
cities_004.csv,nn_2opt,824.731331,0.046814
cities_004.csv,nn_anneal,824.731331,0.057928
cities_004.csv,greedy_2opt,729.836656,0.013994
cities_004.csv,greedy_anneal,729.836656,0.025249
cities_004.csv,random_ga,773.312896,0.570656
cities_005.csv,nn,921.139834,0.000102
cities_005.csv,nn_2opt,852.878434,0.053038
cities_005.csv,nn_anneal,852.878434,0.068284
cities_005.csv,greedy_2opt,823.959773,0.059497
cities_005.csv,greedy_anneal,823.959773,0.072666
cities_005.csv,random_ga,925.900985,0.814206
cities_006.csv,nn,997.634486,0.000105
cities_006.csv,nn_2opt,851.956890,0.086528
cities_006.csv,nn_anneal,851.956890,0.099345
cities_006.csv,greedy_2opt,833.324378,0.053911
cities_006.csv,greedy_anneal,833.324378,0.066843
cities_006.csv,random_ga,893.104153,0.895456
cities_007.csv,nn,881.409605,0.000090
cities_007.csv,nn_2opt,820.644808,0.033488
cities_007.csv,nn_anneal,820.644808,0.044580
cities_007.csv,greedy_2opt,798.276076,0.032253
cities_007.csv,greedy_anneal,798.276076,0.043745
cities_007.csv,random_ga,875.664767,0.700553
cities_008.csv,nn,742.350463,0.000081
cities_008.csv,nn_2opt,719.512872,0.025386
cities_008.csv,nn_anneal,719.512872,0.036243
cities_008.csv,greedy_2opt,711.321495,0.025974
cities_008.csv,greedy_anneal,711.321495,0.037151
cities_008.csv,random_ga,734.721595,0.556701
cities_009.csv,nn,875.480736,0.000093
cities_009.csv,nn_2opt,809.695223,0.064682
cities_009.csv,nn_anneal,809.695223,0.076432
cities_009.csv,greedy_2opt,808.700412,0.034577
cities_009.csv,greedy_anneal,808.700412,0.046258
cities_009.csv,random_ga,901.034099,0.738188
cities_010.csv,nn,936.289822,0.000085
cities_010.csv,nn_2opt,851.259739,0.049894
cities_010.csv,nn_anneal,851.259739,0.060763
cities_010.csv,greedy_2opt,773.195953,0.032685
cities_010.csv,greedy_anneal,773.195953,0.043737
cities_010.csv,random_ga,837.098021,0.578653
cities_011.csv,nn,1002.863335,0.000111
cities_011.csv,nn_2opt,916.159340,0.081720
cities_011.csv,nn_anneal,916.159340,0.092906
cities_011.csv,greedy_2opt,823.521589,0.046515
cities_011.csv,greedy_anneal,823.521589,0.059752
cities_011.csv,random_ga,838.322330,0.964153
cities_012.csv,nn,897.034503,0.000174
cities_012.csv,nn_2opt,767.367987,0.042124
cities_012.csv,nn_anneal,767.367987,0.053141
cities_012.csv,greedy_2opt,795.510735,0.016837
cities_012.csv,greedy_anneal,795.510735,0.027779
cities_012.csv,random_ga,784.580424,0.537233
cities_013.csv,nn,1033.597241,0.000100
cities_013.csv,nn_2opt,925.591071,0.064289
cities_013.csv,nn_anneal,925.591071,0.077127
cities_013.csv,greedy_2opt,838.473401,0.049508
cities_013.csv,greedy_anneal,838.473401,0.061757
cities_013.csv,random_ga,903.985940,0.960205
cities_014.csv,nn,878.503594,0.000074
cities_014.csv,nn_2opt,835.361986,0.012049
cities_014.csv,nn_anneal,821.682397,0.022554
cities_014.csv,greedy_2opt,735.314151,0.028060
cities_014.csv,greedy_anneal,735.314151,0.038492
cities_014.csv,random_ga,710.239042,0.472932
cities_015.csv,nn,890.884933,0.000102
cities_015.csv,nn_2opt,815.718413,0.066367
cities_015.csv,nn_anneal,815.718413,0.079033
cities_015.csv,greedy_2opt,757.668145,0.068414
cities_015.csv,greedy_anneal,757.668145,0.081130
cities_015.csv,random_ga,753.591321,0.899328
cities_016.csv,nn,1046.529714,0.000109
cities_016.csv,nn_2opt,880.334369,0.064126
cities_016.csv,nn_anneal,880.334369,0.077331
cities_016.csv,greedy_2opt,902.250870,0.060177
cities_016.csv,greedy_anneal,902.250870,0.073340
cities_016.csv,random_ga,883.761375,0.973948
cities_017.csv,nn,923.170311,0.000072
cities_017.csv,nn_2opt,821.378358,0.023110
cities_017.csv,nn_anneal,821.378358,0.033529
cities_017.csv,greedy_2opt,750.553302,0.023531
cities_017.csv,greedy_anneal,750.553302,0.034057
cities_017.csv,random_ga,776.462444,0.476696
cities_018.csv,nn,945.551838,0.000114
cities_018.csv,nn_2opt,920.773843,0.035524
cities_018.csv,nn_anneal,920.773843,0.048922
cities_018.csv,greedy_2opt,806.176851,0.077252
cities_018.csv,greedy_anneal,806.176851,0.090637
cities_018.csv,random_ga,900.044100,1.046311
cities_019.csv,nn,898.088201,0.000094
cities_019.csv,nn_2opt,851.028001,0.051404
cities_019.csv,nn_anneal,851.028001,0.063225
cities_019.csv,greedy_2opt,722.549464,0.042129
cities_019.csv,greedy_anneal,722.549464,0.053993
cities_019.csv,random_ga,725.553619,0.878210
cities_020.csv,nn,829.617756,0.000073
cities_020.csv,nn_2opt,769.937037,0.009174
cities_020.csv,nn_anneal,769.937037,0.019532
cities_020.csv,greedy_2opt,735.501802,0.018539
cities_020.csv,greedy_anneal,735.501802,0.029050
cities_020.csv,random_ga,767.053938,0.459416
cities_021.csv,nn,942.535907,0.000087
cities_021.csv,nn_2opt,901.781180,0.023240
cities_021.csv,nn_anneal,901.781180,0.034593
cities_021.csv,greedy_2opt,821.001710,0.029437
cities_021.csv,greedy_anneal,821.001710,0.040802
cities_021.csv,random_ga,839.044959,0.670946
cities_022.csv,nn,1017.219313,0.000095
cities_022.csv,nn_2opt,903.338135,0.054775
cities_022.csv,nn_anneal,903.338135,0.066523
cities_022.csv,greedy_2opt,824.725595,0.051730
cities_022.csv,greedy_anneal,824.725595,0.063725
cities_022.csv,random_ga,835.705829,0.634148
cities_023.csv,nn,1016.509799,0.000084
cities_023.csv,nn_2opt,890.935350,0.032111
cities_023.csv,nn_anneal,890.935350,0.042909
cities_023.csv,greedy_2opt,821.078389,0.024011
cities_023.csv,greedy_anneal,821.078389,0.035033
cities_023.csv,random_ga,829.308602,0.572421
cities_024.csv,nn,1021.619060,0.000094
cities_024.csv,nn_2opt,906.596250,0.053203
cities_024.csv,nn_anneal,906.596250,0.064886
cities_024.csv,greedy_2opt,774.361614,0.047748
cities_024.csv,greedy_anneal,774.361614,0.059447
cities_024.csv,random_ga,873.011867,0.662779
cities_025.csv,nn,917.758250,0.000105
cities_025.csv,nn_2opt,875.033502,0.038909
cities_025.csv,nn_anneal,875.033502,0.050336
cities_025.csv,greedy_2opt,786.365687,0.045918
cities_025.csv,greedy_anneal,786.365687,0.057522
cities_025.csv,random_ga,905.655486,0.676691
cities_026.csv,nn,943.481475,0.000098
cities_026.csv,nn_2opt,850.882465,0.078302
cities_026.csv,nn_anneal,850.882465,0.090887
cities_026.csv,greedy_2opt,784.861313,0.052020
cities_026.csv,greedy_anneal,784.861313,0.064573
cities_026.csv,random_ga,867.086750,0.873961
cities_027.csv,nn,807.754742,0.000090
cities_027.csv,nn_2opt,746.281142,0.034340
cities_027.csv,nn_anneal,746.281142,0.045500
cities_027.csv,greedy_2opt,753.368370,0.071278
cities_027.csv,greedy_anneal,753.368370,0.083973
cities_027.csv,random_ga,803.808137,0.696106
cities_028.csv,nn,958.029085,0.000076
cities_028.csv,nn_2opt,826.150879,0.047201
cities_028.csv,nn_anneal,826.150879,0.057834
cities_028.csv,greedy_2opt,800.288188,0.051774
cities_028.csv,greedy_anneal,800.288188,0.062362
cities_028.csv,random_ga,768.405049,0.445850
cities_029.csv,nn,935.808402,0.000082
cities_029.csv,nn_2opt,840.076898,0.034173
cities_029.csv,nn_anneal,840.076898,0.045267
cities_029.csv,greedy_2opt,748.358486,0.019846
cities_029.csv,greedy_anneal,748.358486,0.030797
cities_029.csv,random_ga,744.510368,0.584585
cities_030.csv,nn,894.874529,0.000086
cities_030.csv,nn_2opt,819.890259,0.029721
cities_030.csv,nn_anneal,819.890259,0.041233
cities_030.csv,greedy_2opt,719.194818,0.023548
cities_030.csv,greedy_anneal,719.194818,0.034856
cities_030.csv,random_ga,724.346389,0.647865
cities_031.csv,nn,817.487290,0.000103
cities_031.csv,nn_2opt,770.926810,0.038845
cities_031.csv,nn_anneal,770.926810,0.050675
cities_031.csv,greedy_2opt,757.637005,0.038557
cities_031.csv,greedy_anneal,757.637005,0.050290
cities_031.csv,random_ga,778.398365,0.706444
cities_032.csv,nn,883.528769,0.000069
cities_032.csv,nn_2opt,817.834212,0.017349
cities_032.csv,nn_anneal,817.834212,0.027760
cities_032.csv,greedy_2opt,694.094887,0.013309
cities_032.csv,greedy_anneal,694.094887,0.023248
cities_032.csv,random_ga,761.877621,0.435562
cities_033.csv,nn,863.745039,0.000081
cities_033.csv,nn_2opt,768.268965,0.021967
cities_033.csv,nn_anneal,768.268965,0.033137
cities_033.csv,greedy_2opt,738.000775,0.014299
cities_033.csv,greedy_anneal,738.000775,0.025585
cities_033.csv,random_ga,809.918208,0.585529
cities_034.csv,nn,1035.773891,0.000090
cities_034.csv,nn_2opt,906.151117,0.040744
cities_034.csv,nn_anneal,904.305169,0.052198
cities_034.csv,greedy_2opt,834.849367,0.040974
cities_034.csv,greedy_anneal,834.849367,0.052363
cities_034.csv,random_ga,875.471333,0.717904
cities_035.csv,nn,869.878493,0.000098
cities_035.csv,nn_2opt,793.962402,0.034760
cities_035.csv,nn_anneal,793.962402,0.047223
cities_035.csv,greedy_2opt,752.754108,0.021868
cities_035.csv,greedy_anneal,752.754108,0.034201
cities_035.csv,random_ga,758.733656,0.816262
cities_036.csv,nn,933.939473,0.000098
cities_036.csv,nn_2opt,885.875897,0.018343
cities_036.csv,nn_anneal,885.875897,0.030269
cities_036.csv,greedy_2opt,789.960605,0.030453
cities_036.csv,greedy_anneal,789.960605,0.042554
cities_036.csv,random_ga,890.181016,0.826497
cities_037.csv,nn,943.695154,0.000086
cities_037.csv,nn_2opt,844.610698,0.049540
cities_037.csv,nn_anneal,844.610698,0.060743
cities_037.csv,greedy_2opt,737.650350,0.037370
cities_037.csv,greedy_anneal,737.650350,0.048330
cities_037.csv,random_ga,764.861767,0.668373
cities_038.csv,nn,877.195519,0.000107
cities_038.csv,nn_2opt,838.624898,0.047531
cities_038.csv,nn_anneal,838.624898,0.061035
cities_038.csv,greedy_2opt,817.671676,0.073417
cities_038.csv,greedy_anneal,817.671676,0.085952
cities_038.csv,random_ga,840.534341,0.843308
cities_039.csv,nn,1149.879496,0.000109
cities_039.csv,nn_2opt,942.814688,0.103615
cities_039.csv,nn_anneal,942.814688,0.116654
cities_039.csv,greedy_2opt,908.180493,0.033753
cities_039.csv,greedy_anneal,908.180493,0.046756
cities_039.csv,random_ga,850.647947,1.049208
cities_040.csv,nn,897.126602,0.000108
cities_040.csv,nn_2opt,858.512903,0.029424
cities_040.csv,nn_anneal,858.512903,0.042495
cities_040.csv,greedy_2opt,805.184694,0.041247
cities_040.csv,greedy_anneal,805.184694,0.054485
cities_040.csv,random_ga,847.427184,1.007605
cities_041.csv,nn,1018.877674,0.000093
cities_041.csv,nn_2opt,826.811598,0.044640
cities_041.csv,nn_anneal,826.811598,0.055381
cities_041.csv,greedy_2opt,746.576008,0.036190
cities_041.csv,greedy_anneal,746.576008,0.047240
cities_041.csv,random_ga,808.979964,0.625801
cities_042.csv,nn,869.641504,0.000077
cities_042.csv,nn_2opt,743.130356,0.026286
cities_042.csv,nn_anneal,743.130356,0.037046
cities_042.csv,greedy_2opt,806.067422,0.024975
cities_042.csv,greedy_anneal,806.067422,0.035560
cities_042.csv,random_ga,733.260149,0.472047
cities_043.csv,nn,920.878846,0.000110
cities_043.csv,nn_2opt,850.243719,0.032991
cities_043.csv,nn_anneal,850.243719,0.046187
cities_043.csv,greedy_2opt,794.796029,0.125962
cities_043.csv,greedy_anneal,794.796029,0.139195
cities_043.csv,random_ga,853.442055,0.787140
cities_044.csv,nn,1037.510012,0.000110
cities_044.csv,nn_2opt,902.852105,0.127529
cities_044.csv,nn_anneal,902.852105,0.140942
cities_044.csv,greedy_2opt,859.820793,0.056369
cities_044.csv,greedy_anneal,859.820793,0.069556
cities_044.csv,random_ga,866.334401,0.954561
cities_045.csv,nn,939.602226,0.000099
cities_045.csv,nn_2opt,858.474698,0.084654
cities_045.csv,nn_anneal,858.474698,0.096757
cities_045.csv,greedy_2opt,830.744257,0.059459
cities_045.csv,greedy_anneal,830.744257,0.071932
cities_045.csv,random_ga,811.055085,0.753077
cities_046.csv,nn,908.160804,0.000080
cities_046.csv,nn_2opt,747.420683,0.057958
cities_046.csv,nn_anneal,747.420683,0.068605
cities_046.csv,greedy_2opt,711.862800,0.027441
cities_046.csv,greedy_anneal,711.862800,0.038277
cities_046.csv,random_ga,724.593591,0.576692
cities_047.csv,nn,1072.067471,0.000111
cities_047.csv,nn_2opt,897.968771,0.135800
cities_047.csv,nn_anneal,897.968771,0.149369
cities_047.csv,greedy_2opt,865.747773,0.029347
cities_047.csv,greedy_anneal,865.747773,0.042378
cities_047.csv,random_ga,912.661270,0.994212
cities_048.csv,nn,710.861128,0.000076
cities_048.csv,nn_2opt,697.486556,0.010608
cities_048.csv,nn_anneal,697.486556,0.021596
cities_048.csv,greedy_2opt,677.455536,0.007726
cities_048.csv,greedy_anneal,677.455536,0.018423
cities_048.csv,random_ga,754.611185,0.471035
cities_049.csv,nn,942.968829,0.000088
cities_049.csv,nn_2opt,867.791731,0.049995
cities_049.csv,nn_anneal,867.791731,0.061271
cities_049.csv,greedy_2opt,757.501626,0.060774
cities_049.csv,greedy_anneal,757.501626,0.072045
cities_049.csv,random_ga,817.868771,0.753425
cities_050.csv,nn,845.876975,0.000096
cities_050.csv,nn_2opt,781.756849,0.081301
cities_050.csv,nn_anneal,781.756849,0.093680
cities_050.csv,greedy_2opt,740.187840,0.015943
cities_050.csv,greedy_anneal,740.187840,0.027995
cities_050.csv,random_ga,869.431935,0.748527
cities_051.csv,nn,805.933260,0.000098
cities_051.csv,nn_2opt,771.816802,0.035138
cities_051.csv,nn_anneal,771.816802,0.047306
cities_051.csv,greedy_2opt,728.888798,0.030257
cities_051.csv,greedy_anneal,728.888798,0.042699
cities_051.csv,random_ga,791.720857,0.834415
cities_052.csv,nn,909.673721,0.000087
cities_052.csv,nn_2opt,802.282421,0.046097
cities_052.csv,nn_anneal,802.282421,0.058218
cities_052.csv,greedy_2opt,769.804260,0.018439
cities_052.csv,greedy_anneal,769.804260,0.029416
cities_052.csv,random_ga,775.297244,0.626988
cities_053.csv,nn,1106.016383,0.000100
cities_053.csv,nn_2opt,891.854356,0.113825
cities_053.csv,nn_anneal,891.854356,0.125840
cities_053.csv,greedy_2opt,793.510340,0.050176
cities_053.csv,greedy_anneal,793.510340,0.062510
cities_053.csv,random_ga,861.334542,0.857960
cities_054.csv,nn,956.233612,0.000110
cities_054.csv,nn_2opt,905.264195,0.060068
cities_054.csv,nn_anneal,905.264195,0.073221
cities_054.csv,greedy_2opt,858.790723,0.114817
cities_054.csv,greedy_anneal,858.790723,0.127651
cities_054.csv,random_ga,910.564436,0.927533
cities_055.csv,nn,772.994024,0.000075
cities_055.csv,nn_2opt,711.799523,0.013194
cities_055.csv,nn_anneal,711.799523,0.023786
cities_055.csv,greedy_2opt,691.257089,0.025743
cities_055.csv,greedy_anneal,691.257089,0.036430
cities_055.csv,random_ga,769.178058,0.525325
cities_056.csv,nn,861.887203,0.000109
cities_056.csv,nn_2opt,795.790548,0.079648
cities_056.csv,nn_anneal,795.790548,0.092858
cities_056.csv,greedy_2opt,766.700087,0.072222
cities_056.csv,greedy_anneal,766.700087,0.084801
cities_056.csv,random_ga,840.007245,1.153281
cities_057.csv,nn,965.179166,0.000089
cities_057.csv,nn_2opt,899.710982,0.037529
cities_057.csv,nn_anneal,899.710982,0.048628
cities_057.csv,greedy_2opt,873.652904,0.041736
cities_057.csv,greedy_anneal,873.652904,0.052877
cities_057.csv,random_ga,844.050637,0.502427
cities_058.csv,nn,1088.302590,0.000092
cities_058.csv,nn_2opt,920.679976,0.049747
cities_058.csv,nn_anneal,920.679976,0.061048
cities_058.csv,greedy_2opt,808.709218,0.072478
cities_058.csv,greedy_anneal,808.709218,0.083850
cities_058.csv,random_ga,874.735345,0.610374
cities_059.csv,nn,863.009959,0.000074
cities_059.csv,nn_2opt,779.128263,0.020362
cities_059.csv,nn_anneal,779.128263,0.031001
cities_059.csv,greedy_2opt,782.280847,0.021912
cities_059.csv,greedy_anneal,782.280847,0.032648
cities_059.csv,random_ga,834.816985,0.505462
cities_060.csv,nn,882.037244,0.000075
cities_060.csv,nn_2opt,785.417496,0.028505
cities_060.csv,nn_anneal,785.417496,0.039804
cities_060.csv,greedy_2opt,700.466318,0.006434
cities_060.csv,greedy_anneal,700.466318,0.017298
cities_060.csv,random_ga,744.829868,0.480651
cities_061.csv,nn,850.346330,0.000083
cities_061.csv,nn_2opt,771.647156,0.040847
cities_061.csv,nn_anneal,771.647156,0.051805
cities_061.csv,greedy_2opt,789.790493,0.042713
cities_061.csv,greedy_anneal,789.790493,0.053808
cities_061.csv,random_ga,815.527269,0.606376
cities_062.csv,nn,700.468479,0.000072
cities_062.csv,nn_2opt,670.367892,0.020655
cities_062.csv,nn_anneal,670.367892,0.031383
cities_062.csv,greedy_2opt,683.725425,0.017169
cities_062.csv,greedy_anneal,683.725425,0.027950
cities_062.csv,random_ga,734.586365,0.487008
cities_063.csv,nn,951.304824,0.000111
cities_063.csv,nn_2opt,852.416661,0.085788
cities_063.csv,nn_anneal,852.416661,0.099105
cities_063.csv,greedy_2opt,798.848033,0.045252
cities_063.csv,greedy_anneal,798.848033,0.058544
cities_063.csv,random_ga,890.383441,0.883058
cities_064.csv,nn,1056.422825,0.000115
cities_064.csv,nn_2opt,998.987580,0.072843
cities_064.csv,nn_anneal,998.987580,0.086203
cities_064.csv,greedy_2opt,844.446209,0.085689
cities_064.csv,greedy_anneal,844.446209,0.099184
cities_064.csv,random_ga,910.298349,1.188095
cities_065.csv,nn,1007.547414,0.000112
cities_065.csv,nn_2opt,889.609508,0.114502
cities_065.csv,nn_anneal,889.609508,0.128073
cities_065.csv,greedy_2opt,834.505360,0.088600
cities_065.csv,greedy_anneal,834.505360,0.102304
cities_065.csv,random_ga,959.278158,1.151961
cities_066.csv,nn,986.850195,0.000082
cities_066.csv,nn_2opt,793.269803,0.051049
cities_066.csv,nn_anneal,793.269803,0.061955
cities_066.csv,greedy_2opt,738.867280,0.019744
cities_066.csv,greedy_anneal,738.867280,0.030708
cities_066.csv,random_ga,774.848563,0.523276
cities_067.csv,nn,930.671328,0.000101
cities_067.csv,nn_2opt,864.617639,0.057673
cities_067.csv,nn_anneal,864.617639,0.070353
cities_067.csv,greedy_2opt,812.037955,0.092709
cities_067.csv,greedy_anneal,812.037955,0.105328
cities_067.csv,random_ga,836.807408,0.860460
cities_068.csv,nn,909.569591,0.000099
cities_068.csv,nn_2opt,792.035568,0.080094
cities_068.csv,nn_anneal,792.035568,0.092677
cities_068.csv,greedy_2opt,779.952525,0.034338
cities_068.csv,greedy_anneal,779.952525,0.046821
cities_068.csv,random_ga,766.536620,0.893992
cities_069.csv,nn,1035.956591,0.000093
cities_069.csv,nn_2opt,871.617246,0.032086
cities_069.csv,nn_anneal,871.617246,0.044134
cities_069.csv,greedy_2opt,871.956262,0.035656
cities_069.csv,greedy_anneal,871.956262,0.047582
cities_069.csv,random_ga,884.649260,0.806746
cities_070.csv,nn,972.341083,0.000081
cities_070.csv,nn_2opt,793.123459,0.047893
cities_070.csv,nn_anneal,793.123459,0.058846
cities_070.csv,greedy_2opt,748.802507,0.042283
cities_070.csv,greedy_anneal,748.802507,0.053359
cities_070.csv,random_ga,723.087496,0.612309
cities_071.csv,nn,974.849231,0.000100
cities_071.csv,nn_2opt,833.954404,0.080863
cities_071.csv,nn_anneal,833.954404,0.093481
cities_071.csv,greedy_2opt,794.622093,0.063897
cities_071.csv,greedy_anneal,794.622093,0.076474
cities_071.csv,random_ga,828.333643,0.872919
cities_072.csv,nn,948.340988,0.000078
cities_072.csv,nn_2opt,859.518463,0.040059
cities_072.csv,nn_anneal,859.518463,0.050678
cities_072.csv,greedy_2opt,768.247674,0.015222
cities_072.csv,greedy_anneal,768.247674,0.025890
cities_072.csv,random_ga,807.470477,0.469240
cities_073.csv,nn,1054.276170,0.000096
cities_073.csv,nn_2opt,931.961668,0.052188
cities_073.csv,nn_anneal,931.961668,0.064399
cities_073.csv,greedy_2opt,899.285426,0.064699
cities_073.csv,greedy_anneal,899.285426,0.076760
cities_073.csv,random_ga,850.368577,0.628056
cities_074.csv,nn,1061.202298,0.000076
cities_074.csv,nn_2opt,889.730341,0.024844
cities_074.csv,nn_anneal,889.730341,0.035444
cities_074.csv,greedy_2opt,797.043375,0.027652
cities_074.csv,greedy_anneal,797.043375,0.038593
cities_074.csv,random_ga,834.253398,0.526244
cities_075.csv,nn,939.059965,0.000091
cities_075.csv,nn_2opt,886.014441,0.024762
cities_075.csv,nn_anneal,886.014441,0.036112
cities_075.csv,greedy_2opt,826.555053,0.049237
cities_075.csv,greedy_anneal,826.555053,0.060618
cities_075.csv,random_ga,802.244618,0.516162
cities_076.csv,nn,951.280158,0.000091
cities_076.csv,nn_2opt,759.117695,0.031032
cities_076.csv,nn_anneal,759.117695,0.042612
cities_076.csv,greedy_2opt,784.082798,0.034821
cities_076.csv,greedy_anneal,784.082798,0.046178
cities_076.csv,random_ga,793.303806,0.500345
cities_077.csv,nn,810.245518,0.000076
cities_077.csv,nn_2opt,761.683474,0.024265
cities_077.csv,nn_anneal,761.683474,0.035145
cities_077.csv,greedy_2opt,743.373264,0.015152
cities_077.csv,greedy_anneal,743.373264,0.025750
cities_077.csv,random_ga,784.927801,0.500668
cities_078.csv,nn,772.368511,0.000091
cities_078.csv,nn_2opt,748.713550,0.013795
cities_078.csv,nn_anneal,748.713550,0.025337
cities_078.csv,greedy_2opt,742.630044,0.027047
cities_078.csv,greedy_anneal,742.630044,0.038200
cities_078.csv,random_ga,792.384100,0.756914
cities_079.csv,nn,842.040762,0.000081
cities_079.csv,nn_2opt,762.634787,0.032916
cities_079.csv,nn_anneal,762.634787,0.043690
cities_079.csv,greedy_2opt,740.549257,0.027413
cities_079.csv,greedy_anneal,740.549257,0.037934
cities_079.csv,random_ga,735.027451,0.555220
cities_080.csv,nn,806.874838,0.000081
cities_080.csv,nn_2opt,761.180558,0.022566
cities_080.csv,nn_anneal,761.180558,0.033566
cities_080.csv,greedy_2opt,691.926553,0.043442
cities_080.csv,greedy_anneal,691.926553,0.054550
cities_080.csv,random_ga,738.139235,0.538879
cities_081.csv,nn,851.430778,0.000106
cities_081.csv,nn_2opt,804.693128,0.078475
cities_081.csv,nn_anneal,804.693128,0.091346
cities_081.csv,greedy_2opt,754.412294,0.065506
cities_081.csv,greedy_anneal,754.412294,0.086541
cities_081.csv,random_ga,822.073340,0.892574
cities_082.csv,nn,866.025939,0.000092
cities_082.csv,nn_2opt,795.265544,0.043807
cities_082.csv,nn_anneal,795.265544,0.055316
cities_082.csv,greedy_2opt,753.461742,0.049398
cities_082.csv,greedy_anneal,753.461742,0.061194
cities_082.csv,random_ga,779.527520,0.752342
cities_083.csv,nn,879.066179,0.000103
cities_083.csv,nn_2opt,850.413937,0.037257
cities_083.csv,nn_anneal,850.413937,0.050294
cities_083.csv,greedy_2opt,824.692295,0.048178
cities_083.csv,greedy_anneal,824.692295,0.060925
cities_083.csv,random_ga,817.973095,0.841402
cities_084.csv,nn,776.845825,0.000097
cities_084.csv,nn_2opt,730.539011,0.026792
cities_084.csv,nn_anneal,730.539011,0.038690
cities_084.csv,greedy_2opt,709.400480,0.060295
cities_084.csv,greedy_anneal,709.400480,0.072179
cities_084.csv,random_ga,819.558808,0.747277
cities_085.csv,nn,859.919923,0.000109
cities_085.csv,nn_2opt,828.553733,0.039984
cities_085.csv,nn_anneal,828.553733,0.053209
cities_085.csv,greedy_2opt,797.240893,0.044524
cities_085.csv,greedy_anneal,797.240893,0.057923
cities_085.csv,random_ga,851.564989,1.032494
cities_086.csv,nn,940.299676,0.000110
cities_086.csv,nn_2opt,827.089777,0.038916
cities_086.csv,nn_anneal,827.089777,0.052237
cities_086.csv,greedy_2opt,816.860348,0.078812
cities_086.csv,greedy_anneal,816.860348,0.091533
cities_086.csv,random_ga,803.271006,1.099033
cities_087.csv,nn,868.830905,0.000093
cities_087.csv,nn_2opt,825.382282,0.049279
cities_087.csv,nn_anneal,825.382282,0.060808
cities_087.csv,greedy_2opt,786.214484,0.027679
cities_087.csv,greedy_anneal,786.214484,0.039196
cities_087.csv,random_ga,889.272194,0.794216
cities_088.csv,nn,905.226828,0.000098
cities_088.csv,nn_2opt,802.712958,0.041822
cities_088.csv,nn_anneal,802.712958,0.054237
cities_088.csv,greedy_2opt,787.181584,0.058489
cities_088.csv,greedy_anneal,787.181584,0.071129
cities_088.csv,random_ga,863.473059,0.727464
cities_089.csv,nn,825.486876,0.000076
cities_089.csv,nn_2opt,765.935472,0.032554
cities_089.csv,nn_anneal,765.935472,0.043218
cities_089.csv,greedy_2opt,755.447052,0.032333
cities_089.csv,greedy_anneal,755.447052,0.048507
cities_089.csv,random_ga,747.687697,0.563476
cities_090.csv,nn,957.299509,0.000119
cities_090.csv,nn_2opt,866.093780,0.056713
cities_090.csv,nn_anneal,866.093780,0.070434
cities_090.csv,greedy_2opt,855.133456,0.075715
cities_090.csv,greedy_anneal,855.133456,0.087883
cities_090.csv,random_ga,862.896420,1.054939
cities_091.csv,nn,856.000122,0.000073
cities_091.csv,nn_2opt,740.747327,0.023441
cities_091.csv,nn_anneal,740.747327,0.033629
cities_091.csv,greedy_2opt,759.440610,0.021832
cities_091.csv,greedy_anneal,759.440610,0.032265
cities_091.csv,random_ga,786.766659,0.430656
cities_092.csv,nn,884.979384,0.000114
cities_092.csv,nn_2opt,798.479400,0.082416
cities_092.csv,nn_anneal,798.479400,0.096057
cities_092.csv,greedy_2opt,762.783359,0.067571
cities_092.csv,greedy_anneal,762.783359,0.081411
cities_092.csv,random_ga,803.956480,0.991342
cities_093.csv,nn,944.027085,0.000097
cities_093.csv,nn_2opt,906.351139,0.032930
cities_093.csv,nn_anneal,906.351139,0.044729
cities_093.csv,greedy_2opt,805.409753,0.035816
cities_093.csv,greedy_anneal,805.409753,0.047791
cities_093.csv,random_ga,844.238437,0.674312
cities_094.csv,nn,959.768210,0.000105
cities_094.csv,nn_2opt,864.890022,0.058986
cities_094.csv,nn_anneal,864.890022,0.071990
cities_094.csv,greedy_2opt,872.186984,0.071368
cities_094.csv,greedy_anneal,872.186984,0.084226
cities_094.csv,random_ga,929.607041,0.903144
cities_095.csv,nn,896.513909,0.000079
cities_095.csv,nn_2opt,783.714029,0.050914
cities_095.csv,nn_anneal,783.714029,0.062157
cities_095.csv,greedy_2opt,722.131475,0.042609
cities_095.csv,greedy_anneal,722.131475,0.053384
cities_095.csv,random_ga,731.139912,0.544983
cities_096.csv,nn,1038.794279,0.000097
cities_096.csv,nn_2opt,816.863465,0.078503
cities_096.csv,nn_anneal,816.863465,0.102650
cities_096.csv,greedy_2opt,783.077244,0.032436
cities_096.csv,greedy_anneal,783.077244,0.044675
cities_096.csv,random_ga,825.979402,0.809170
cities_097.csv,nn,888.046504,0.000088
cities_097.csv,nn_2opt,834.750296,0.055209
cities_097.csv,nn_anneal,834.750296,0.066325
cities_097.csv,greedy_2opt,768.396078,0.045690
cities_097.csv,greedy_anneal,768.396078,0.057300
cities_097.csv,random_ga,786.696750,0.670066
cities_098.csv,nn,1062.589374,0.000103
cities_098.csv,nn_2opt,927.683823,0.095333
cities_098.csv,nn_anneal,927.683823,0.107876
cities_098.csv,greedy_2opt,848.562465,0.058369
cities_098.csv,greedy_anneal,848.562465,0.070891
cities_098.csv,random_ga,908.687365,0.850341
cities_099.csv,nn,1019.283749,0.000123
cities_099.csv,nn_2opt,883.897278,0.097446
cities_099.csv,nn_anneal,883.897278,0.110968
cities_099.csv,greedy_2opt,836.847188,0.054573
cities_099.csv,greedy_anneal,836.847188,0.067753
cities_099.csv,random_ga,822.632501,0.941433
cities_100.csv,nn,929.461422,0.000109
cities_100.csv,nn_2opt,891.204699,0.019772
cities_100.csv,nn_anneal,891.204699,0.032791
cities_100.csv,greedy_2opt,835.539528,0.034126
cities_100.csv,greedy_anneal,835.539528,0.047423
cities_100.csv,random_ga,865.704730,0.917384
cities_1000.csv,nn,923.120433,0.000090
cities_1000.csv,nn_2opt,879.831179,0.018561
cities_1000.csv,nn_anneal,879.831179,0.029988
cities_1000.csv,greedy_2opt,782.635076,0.017405
cities_1000.csv,greedy_anneal,782.635076,0.028699
cities_1000.csv,random_ga,824.066343,0.545273
cities_1001.csv,nn,977.714446,0.000088
cities_1001.csv,nn_2opt,871.008798,0.039129
cities_1001.csv,nn_anneal,871.008798,0.050160
cities_1001.csv,greedy_2opt,770.221801,0.029885
cities_1001.csv,greedy_anneal,770.221801,0.041365
cities_1001.csv,random_ga,775.671622,0.733820
cities_1002.csv,nn,1089.032003,0.000111
cities_1002.csv,nn_2opt,966.585186,0.081516
cities_1002.csv,nn_anneal,966.585186,0.094300
cities_1002.csv,greedy_2opt,873.135811,0.112714
cities_1002.csv,greedy_anneal,873.135811,0.126309
cities_1002.csv,random_ga,891.866232,1.149548
cities_1003.csv,nn,813.610847,0.000079
cities_1003.csv,nn_2opt,751.868595,0.031558
cities_1003.csv,nn_anneal,751.868595,0.042272
cities_1003.csv,greedy_2opt,745.853354,0.021647
cities_1003.csv,greedy_anneal,745.853354,0.032207
cities_1003.csv,random_ga,782.811543,0.546237
cities_1004.csv,nn,775.748408,0.000075
cities_1004.csv,nn_2opt,735.802910,0.025379
cities_1004.csv,nn_anneal,735.802910,0.035883
cities_1004.csv,greedy_2opt,708.914439,0.029936
cities_1004.csv,greedy_anneal,708.914439,0.040611
cities_1004.csv,random_ga,739.962018,0.539474
cities_1005.csv,nn,852.481023,0.000076
cities_1005.csv,nn_2opt,755.972190,0.021685
cities_1005.csv,nn_anneal,743.388756,0.031901
cities_1005.csv,greedy_2opt,674.594784,0.024632
cities_1005.csv,greedy_anneal,674.594784,0.035206
cities_1005.csv,random_ga,720.678725,0.436617
cities_1006.csv,nn,847.279853,0.000095
cities_1006.csv,nn_2opt,763.105748,0.034754
cities_1006.csv,nn_anneal,763.105748,0.046592
cities_1006.csv,greedy_2opt,718.235734,0.031756
cities_1006.csv,greedy_anneal,718.235734,0.043398
cities_1006.csv,random_ga,791.769842,0.747059
cities_1007.csv,nn,882.800530,0.000100
cities_1007.csv,nn_2opt,831.019464,0.053444
cities_1007.csv,nn_anneal,831.019464,0.065841
cities_1007.csv,greedy_2opt,752.448638,0.055108
cities_1007.csv,greedy_anneal,752.448638,0.067898
cities_1007.csv,random_ga,794.052557,0.752571
cities_1008.csv,nn,788.117642,0.000072
cities_1008.csv,nn_2opt,751.865904,0.014084
cities_1008.csv,nn_anneal,751.865904,0.024492
cities_1008.csv,greedy_2opt,720.745016,0.042442
cities_1008.csv,greedy_anneal,720.745016,0.052745
cities_1008.csv,random_ga,697.919248,0.478869
cities_1009.csv,nn,928.649707,0.000102
cities_1009.csv,nn_2opt,861.568638,0.033537
cities_1009.csv,nn_anneal,861.568638,0.045185
cities_1009.csv,greedy_2opt,794.925741,0.059544
cities_1009.csv,greedy_anneal,794.925741,0.070967
cities_1009.csv,random_ga,829.817649,0.684700
cities_101.csv,nn,731.195739,0.000072
cities_101.csv,nn_2opt,707.093908,0.015454
cities_101.csv,nn_anneal,707.093908,0.026182
cities_101.csv,greedy_2opt,698.603791,0.030454
cities_101.csv,greedy_anneal,698.603791,0.041129
cities_101.csv,random_ga,736.257194,0.486173
cities_1010.csv,nn,910.110177,0.000092
cities_1010.csv,nn_2opt,815.065707,0.107292
cities_1010.csv,nn_anneal,815.065707,0.118585
cities_1010.csv,greedy_2opt,826.800303,0.036814
cities_1010.csv,greedy_anneal,826.800303,0.048703
cities_1010.csv,random_ga,802.599935,0.578577
cities_1011.csv,nn,889.211545,0.000070
cities_1011.csv,nn_2opt,784.888791,0.028207
cities_1011.csv,nn_anneal,784.888791,0.039259
cities_1011.csv,greedy_2opt,813.163515,0.016978
cities_1011.csv,greedy_anneal,813.163515,0.027216
cities_1011.csv,random_ga,752.297811,0.453345
cities_1012.csv,nn,964.574454,0.000079
cities_1012.csv,nn_2opt,850.501651,0.052549
cities_1012.csv,nn_anneal,850.501651,0.063369
cities_1012.csv,greedy_2opt,741.237106,0.038704
cities_1012.csv,greedy_anneal,741.237106,0.048657
cities_1012.csv,random_ga,778.736106,0.512250
cities_1013.csv,nn,910.177916,0.000079
cities_1013.csv,nn_2opt,860.431197,0.020863
cities_1013.csv,nn_anneal,860.431197,0.032264
cities_1013.csv,greedy_2opt,803.636359,0.036473
cities_1013.csv,greedy_anneal,803.636359,0.047446
cities_1013.csv,random_ga,823.302564,0.593784
cities_1014.csv,nn,953.211691,0.000098
cities_1014.csv,nn_2opt,854.602140,0.034046
cities_1014.csv,nn_anneal,854.602140,0.045946
cities_1014.csv,greedy_2opt,776.314674,0.031206
cities_1014.csv,greedy_anneal,776.314674,0.043529
cities_1014.csv,random_ga,806.370897,0.713356
cities_1015.csv,nn,833.566929,0.000092
cities_1015.csv,nn_2opt,749.578173,0.048247
cities_1015.csv,nn_anneal,749.578173,0.059193
cities_1015.csv,greedy_2opt,731.090785,0.006596
cities_1015.csv,greedy_anneal,731.090785,0.018358
cities_1015.csv,random_ga,796.745081,0.564804
cities_1016.csv,nn,1192.070565,0.000113
cities_1016.csv,nn_2opt,975.085033,0.204582
cities_1016.csv,nn_anneal,975.085033,0.217931
cities_1016.csv,greedy_2opt,895.864441,0.071772
cities_1016.csv,greedy_anneal,895.864441,0.085052
cities_1016.csv,random_ga,930.657468,0.737898
cities_1017.csv,nn,776.630524,0.000080
cities_1017.csv,nn_2opt,740.496835,0.013726
cities_1017.csv,nn_anneal,740.496835,0.024709
cities_1017.csv,greedy_2opt,721.332882,0.006873
cities_1017.csv,greedy_anneal,721.332882,0.017789
